Isolate	N0.HOG0000011	N0.HOG0000016	N0.HOG0000019	N0.HOG0000020	N0.HOG0000022	N0.HOG0000023	N0.HOG0000032	N0.HOG0000102	N0.HOG0000161	N0.HOG0000166	N0.HOG0000168	N0.HOG0000180	N0.HOG0000181	N0.HOG0000188	N0.HOG0000208	N0.HOG0000209	N0.HOG0000210	N0.HOG0000211	N0.HOG0000219	N0.HOG0000223	N0.HOG0000224	N0.HOG0000226	N0.HOG0000228	N0.HOG0000268	N0.HOG0000269	N0.HOG0000270	N0.HOG0000271	N0.HOG0000272	N0.HOG0000273	N0.HOG0000274	N0.HOG0000283	N0.HOG0000336	N0.HOG0000337	N0.HOG0000338	N0.HOG0000339	N0.HOG0000340	N0.HOG0000341	N0.HOG0000342	N0.HOG0000343	N0.HOG0000344	N0.HOG0000345	N0.HOG0000346	N0.HOG0000347	N0.HOG0000348	N0.HOG0000349	N0.HOG0000351	N0.HOG0000352	N0.HOG0000355	N0.HOG0000356	N0.HOG0000357
LE17_10A	ctg114_2|biosynthetic	ctg114_1|biosynthetic, ctg11_1|biosynthetic	ctg60_2|biosynthetic	ctg68_27|biosynthetic, ctg68_28|biosynthetic			ctg31_8|hypothetical		ctg10_27|hypothetical	ctg38_36|hypothetical		ctg114_3|hypothetical	ctg68_14|hypothetical	ctg38_35|biosynthetic-additional					ctg10_28|transport	ctg68_24|biosynthetic	ctg68_32|biosynthetic-additional	ctg35_58|hypothetical	ctg38_33|hypothetical	ctg10_16|biosynthetic-additional	ctg10_24|hypothetical	ctg10_25|biosynthetic	ctg10_26|hypothetical	ctg114_8|hypothetical	ctg68_22|hypothetical	ctg68_23|hypothetical	ctg38_32|transport	ctg10_12|hypothetical	ctg10_17|hypothetical	ctg10_18|hypothetical	ctg10_19|biosynthetic-additional	ctg10_29|biosynthetic-additional	ctg10_30|biosynthetic-additional	ctg60_6|hypothetical	ctg60_7|hypothetical	ctg60_8|hypothetical	ctg60_9|biosynthetic-additional	ctg60_10|hypothetical	ctg60_11|biosynthetic-additional	ctg60_14|hypothetical	ctg60_15|hypothetical	ctg175_8|hypothetical	ctg68_31|biosynthetic-additional	ctg31_18|hypothetical	ctg31_23|biosynthetic-additional	ctg31_25|hypothetical
LE17_20C					ctg80_3|biosynthetic	ctg80_5|biosynthetic-additional		ctg80_11|hypothetical			ctg207_10|hypothetical																																							
LE18_22.4.newname					ctg569_4|biosynthetic, ctg569_5|biosynthetic								ctg489_1|hypothetical, ctg358_17|hypothetical																																					
LE19_10.1C				ctg46_11|biosynthetic-additional	ctg104_8|biosynthetic, ctg104_2|biosynthetic	ctg156_4|biosynthetic		ctg156_3|hypothetical			ctg725_10|hypothetical				ctg104_9|hypothetical	ctg104_10|hypothetical	ctg104_11|hypothetical	ctg104_12|hypothetical																																
LE19_114.1A	ctg180_4|biosynthetic	ctg180_3|biosynthetic		ctg36_5|biosynthetic, ctg36_4|biosynthetic			ctg151_6|hypothetical		ctg64_54|hypothetical	ctg109_24|hypothetical		ctg180_5|hypothetical	ctg36_19|hypothetical	ctg109_23|biosynthetic-additional					ctg64_55|transport	ctg36_8|biosynthetic	ctg36_1|biosynthetic-additional		ctg109_21|hypothetical	ctg64_44|biosynthetic-additional	ctg64_51|hypothetical	ctg64_52|biosynthetic	ctg64_53|hypothetical	ctg180_8|hypothetical	ctg36_10|hypothetical	ctg36_9|hypothetical	ctg109_20|transport	ctg64_42|hypothetical	ctg64_45|hypothetical	ctg64_46|hypothetical	ctg64_48|biosynthetic-additional	ctg64_56|biosynthetic-additional	ctg64_57|biosynthetic-additional										ctg36_2|biosynthetic-additional	ctg151_15|hypothetical	ctg151_20|biosynthetic-additional	ctg151_22|hypothetical
LE19_12.1	O9329_03630|biosynthetic, O9329_19240|biosynthetic	O9329_19235|biosynthetic	O9329_19230|biosynthetic		O9329_09335|biosynthetic, O9329_09330|biosynthetic	O9329_19185|biosynthetic			O9329_16050|hypothetical	O9329_24720|hypothetical		O9329_03625|hypothetical																																						
LE19_131.1	O9323_04455|biosynthetic		O9323_04465|biosynthetic		O9323_08015|biosynthetic	O9323_10330|biosynthetic, O9323_00160|biosynthetic						O9323_04450|hypothetical							O9323_12845|transport	O9323_15850|biosynthetic			O9323_12855|hypothetical						O9323_15865|hypothetical	O9323_15855|hypothetical	O9323_12860|transport																			
LE19_195.1					O9300_01895|biosynthetic, O9300_01915|biosynthetic	O9300_05610|biosynthetic																																												
LE19_196.1	O9275_05520|biosynthetic		O9275_05390|biosynthetic-additional	O9275_09375|biosynthetic, O9275_23105|biosynthetic, O9275_09370|biosynthetic-additional																O9275_21140|biosynthetic		O9275_01120|hypothetical			O9275_18165|hypothetical	O9275_18170|biosynthetic	O9275_18175|hypothetical																			O9275_14065|hypothetical				
LE19_197	ctg269_8|biosynthetic	ctg269_9|biosynthetic	ctg159_1|biosynthetic, ctg114_4|biosynthetic, ctg269_10|biosynthetic	ctg109_6|biosynthetic, ctg109_7|biosynthetic	ctg166_20|biosynthetic	ctg166_24|biosynthetic	ctg327_11|hypothetical		ctg180_54|hypothetical	ctg93_15|hypothetical		ctg269_7|hypothetical		ctg93_14|biosynthetic-additional						ctg109_3|biosynthetic	ctg109_10|biosynthetic-additional							ctg269_3|hypothetical	ctg109_1|hypothetical	ctg109_2|hypothetical								ctg109_12|hypothetical	ctg109_13|hypothetical	ctg109_14|hypothetical	ctg109_15|biosynthetic-additional	ctg109_16|hypothetical	ctg109_17|biosynthetic-additional	ctg109_18|hypothetical	ctg109_19|hypothetical		ctg109_9|biosynthetic-additional			
LE19_251					O9338_13705|biosynthetic, O9338_13675|biosynthetic	O9338_10155|biosynthetic		O9338_10150|hypothetical			O9338_19560|hypothetical				O9338_13710|hypothetical	O9338_13715|hypothetical	O9338_13720|hypothetical	O9338_13725|hypothetical																																
LE19_281						ctg36_1|biosynthetic		ctg36_2|hypothetical																																										
LE19_338.1					O9326_16460|biosynthetic	O9326_16480|biosynthetic	O9326_10025|hypothetical	O9326_16485|hypothetical	O9326_07265|hypothetical		O9326_09960|hypothetical		O9326_22435|hypothetical								O9326_06145|biosynthetic-additional	O9326_10325|hypothetical																												
LE19_388.1C					ctg112_4|biosynthetic	ctg112_8|biosynthetic	ctg304_16|hypothetical	ctg112_9|hypothetical	ctg194_11|hypothetical	ctg221_9|hypothetical			ctg148_4|hypothetical	ctg221_8|biosynthetic-additional					ctg194_4|transport		ctg148_17|biosynthetic-additional	ctg160_14|hypothetical	ctg194_2|hypothetical																											
LE19_4.1A	ctg125_2|biosynthetic	ctg125_1|biosynthetic, ctg59_1|biosynthetic	ctg21_2|biosynthetic				ctg188_8|hypothetical		ctg86_5|hypothetical	ctg3_36|hypothetical		ctg125_3|hypothetical		ctg3_35|biosynthetic-additional					ctg86_4|transport			ctg168_20|hypothetical	ctg3_33|hypothetical	ctg25_19|biosynthetic-additional, ctg86_14|biosynthetic-additional	ctg86_8|hypothetical	ctg86_7|biosynthetic	ctg86_6|hypothetical	ctg125_8|hypothetical			ctg3_32|transport	ctg86_16|hypothetical	ctg86_13|hypothetical	ctg86_12|hypothetical	ctg86_11|biosynthetic-additional	ctg86_3|biosynthetic-additional	ctg86_2|biosynthetic-additional	ctg21_6|hypothetical	ctg21_7|hypothetical	ctg21_8|hypothetical	ctg21_9|biosynthetic-additional	ctg21_10|hypothetical	ctg21_11|biosynthetic-additional	ctg21_14|hypothetical	ctg21_15|hypothetical	ctg50_8|hypothetical		ctg188_18|hypothetical	ctg188_23|biosynthetic-additional	ctg188_25|hypothetical
LE19_41.2					O9290_00610|biosynthetic	O9290_00630|biosynthetic		O9290_00635|hypothetical			O9290_00375|hypothetical				O9290_00605|hypothetical	O9290_00600|hypothetical	O9290_00595|hypothetical	O9290_00590|hypothetical																																
LE19_55.1					O9299_10860|biosynthetic, O9299_10855|biosynthetic	O9299_10880|biosynthetic		O9299_10800|hypothetical							O9299_10845|hypothetical	O9299_10840|hypothetical	O9299_10835|hypothetical	O9299_10830|hypothetical																																
LE19_8.1					O9334_13430|biosynthetic	O9334_13440|biosynthetic-additional		O9334_13470|hypothetical			O9334_03695|hypothetical																																							
LE19_84.1					O9324_19140|biosynthetic, O9324_10480|biosynthetic, O9324_19120|biosynthetic	O9324_11190|biosynthetic, O9324_10475|biosynthetic		O9324_11185|hypothetical		O9324_03680|hypothetical	O9324_00055|hypothetical			O9324_03675|biosynthetic-additional	O9324_19145|hypothetical	O9324_19150|hypothetical	O9324_19155|hypothetical	O9324_19160|hypothetical																																
LE19_98.1					O9336_14545|biosynthetic, O9336_14550|biosynthetic	O9336_14525|biosynthetic		O9336_14605|hypothetical							O9336_14560|hypothetical	O9336_14565|hypothetical	O9336_14570|hypothetical	O9336_14575|hypothetical																																
